,antecedents,consequents,antecedent support,consequent support,support,confidence,lift,leverage,conviction,source,target
0,22960,22423,0.1261101243339254,0.19626998223801065,0.04440497335701599,0.352112676056338,1.7940220508571791,0.019653341493963132,1.24053981002394,JAM MAKING SET WITH JARS,REGENCY CAKESTAND 3 TIER
1,22423,22960,0.19626998223801065,0.1261101243339254,0.04440497335701599,0.22624434389140272,1.7940220508571791,0.019653341493963132,1.129413231123991,REGENCY CAKESTAND 3 TIER,JAM MAKING SET WITH JARS
2,22960,22961,0.1261101243339254,0.10479573712255773,0.0541740674955595,0.4295774647887324,4.099188350441633,0.04095826405736838,1.569370436155516,JAM MAKING SET WITH JARS,JAM MAKING SET PRINTED
3,22961,22960,0.10479573712255773,0.1261101243339254,0.0541740674955595,0.5169491525423728,4.099188350441632,0.04095826405736838,1.809105356642049,JAM MAKING SET PRINTED,JAM MAKING SET WITH JARS
4,22961,21212,0.10479573712255773,0.11367673179396093,0.035523978685612786,0.3389830508474576,2.9819915254237284,0.023611141783581355,1.340848021132213,JAM MAKING SET PRINTED,PACK OF 72 RETROSPOT CAKE CASES
5,21212,22961,0.11367673179396093,0.10479573712255773,0.035523978685612786,0.31249999999999994,2.9819915254237284,0.023611141783581355,1.3021152914580978,PACK OF 72 RETROSPOT CAKE CASES,JAM MAKING SET PRINTED
6,22961,22423,0.10479573712255773,0.19626998223801065,0.04085257548845471,0.3898305084745763,1.9861952603727282,0.02028431802479107,1.3172241957765938,JAM MAKING SET PRINTED,REGENCY CAKESTAND 3 TIER
7,22423,22961,0.19626998223801065,0.10479573712255773,0.04085257548845471,0.2081447963800905,1.986195260372728,0.02028431802479107,1.1305150976909415,REGENCY CAKESTAND 3 TIER,JAM MAKING SET PRINTED
8,22720,22961,0.12433392539964476,0.10479573712255773,0.04085257548845471,0.32857142857142857,3.1353510895883776,0.027822910126857836,1.333282944711084,SET OF 3 CAKE TINS PANTRY DESIGN ,JAM MAKING SET PRINTED
9,22961,22720,0.10479573712255773,0.12433392539964476,0.04085257548845471,0.3898305084745763,3.135351089588378,0.027822910126857836,1.4351194000394714,JAM MAKING SET PRINTED,SET OF 3 CAKE TINS PANTRY DESIGN 
10,21212,21080,0.11367673179396093,0.07371225577264653,0.03463587921847247,0.3046875,4.133471385542169,0.026256510889077482,1.3321891152932723,PACK OF 72 RETROSPOT CAKE CASES,SET/20 RED RETROSPOT PAPER NAPKINS 
11,21080,21212,0.07371225577264653,0.11367673179396093,0.03463587921847247,0.46987951807228917,4.133471385542169,0.026256510889077482,1.6719279832068468,SET/20 RED RETROSPOT PAPER NAPKINS ,PACK OF 72 RETROSPOT CAKE CASES
12,20725,21080,0.1438721136767318,0.07371225577264653,0.03019538188277087,0.20987654320987653,2.847240815112301,0.019590243840880338,1.1723329262877444,LUNCH BAG RED RETROSPOT,SET/20 RED RETROSPOT PAPER NAPKINS 
13,21080,20725,0.07371225577264653,0.1438721136767318,0.03019538188277087,0.4096385542168675,2.847240815112301,0.019590243840880338,1.450175807445536,SET/20 RED RETROSPOT PAPER NAPKINS ,LUNCH BAG RED RETROSPOT
14,22086,22910,0.0763765541740675,0.06571936056838366,0.04706927175843695,0.6162790697674418,9.377435575109994,0.04204985345570072,2.4347919694278484,PAPER CHAIN KIT 50'S CHRISTMAS ,PAPER CHAIN KIT VINTAGE CHRISTMAS
15,22910,22086,0.06571936056838366,0.0763765541740675,0.04706927175843695,0.7162162162162162,9.377435575109994,0.04204985345570072,3.2546730948151907,PAPER CHAIN KIT VINTAGE CHRISTMAS,PAPER CHAIN KIT 50'S CHRISTMAS 
16,22962,22963,0.043516873889875664,0.035523978685612786,0.03019538188277087,0.6938775510204082,19.53265306122449,0.02864948938224243,3.1506216696269984,JAM JAR WITH PINK LID,JAM JAR WITH GREEN LID
17,22963,22962,0.035523978685612786,0.043516873889875664,0.03019538188277087,0.8500000000000001,19.532653061224494,0.02864948938224243,6.3765541740675,JAM JAR WITH GREEN LID,JAM JAR WITH PINK LID
18,21086,21094,0.03463587921847247,0.03641207815275311,0.03197158081705151,0.923076923076923,25.350844277673545,0.030710416476059172,12.526642984014199,SET/6 RED SPOTTY PAPER CUPS,SET/6 RED SPOTTY PAPER PLATES
19,21094,21086,0.03641207815275311,0.03463587921847247,0.03197158081705151,0.8780487804878049,25.350844277673545,0.030710416476059172,7.915985790408526,SET/6 RED SPOTTY PAPER PLATES,SET/6 RED SPOTTY PAPER CUPS
20,85099B,22411,0.17761989342806395,0.0674955595026643,0.03463587921847247,0.195,2.889078947368421,0.02264732513274169,1.1583906093134606,JUMBO BAG RED RETROSPOT,JUMBO SHOPPER VINTAGE RED PAISLEY
21,22411,85099B,0.0674955595026643,0.17761989342806395,0.03463587921847247,0.5131578947368421,2.889078947368421,0.02264732513274169,1.6892131918774904,JUMBO SHOPPER VINTAGE RED PAISLEY,JUMBO BAG RED RETROSPOT
22,22423,22727,0.19626998223801065,0.0941385435168739,0.03197158081705151,0.16289592760180996,1.7303850422607359,0.013495010553082477,1.082137199366329,REGENCY CAKESTAND 3 TIER,ALARM CLOCK BAKELIKE RED 
23,22727,22423,0.0941385435168739,0.19626998223801065,0.03197158081705151,0.33962264150943394,1.7303850422607359,0.013495010553082477,1.2170768840395838,ALARM CLOCK BAKELIKE RED ,REGENCY CAKESTAND 3 TIER
24,22726,22727,0.07726465364120781,0.0941385435168739,0.0630550621669627,0.8160919540229886,8.669052266319671,0.055781480207843674,4.925621669627001,ALARM CLOCK BAKELIKE GREEN,ALARM CLOCK BAKELIKE RED 
25,22727,22726,0.0941385435168739,0.07726465364120781,0.0630550621669627,0.6698113207547169,8.669052266319671,0.055781480207843674,2.794569906115199,ALARM CLOCK BAKELIKE RED ,ALARM CLOCK BAKELIKE GREEN
26,22728,22726,0.07726465364120781,0.07726465364120781,0.0541740674955595,0.7011494252873564,9.074646584753602,0.04820424079326369,3.087614428200574,ALARM CLOCK BAKELIKE PINK,ALARM CLOCK BAKELIKE GREEN
27,22726,22728,0.07726465364120781,0.07726465364120781,0.0541740674955595,0.7011494252873564,9.074646584753602,0.04820424079326369,3.087614428200574,ALARM CLOCK BAKELIKE GREEN,ALARM CLOCK BAKELIKE PINK
28,22730,22727,0.04884547069271759,0.0941385435168739,0.04262877442273535,0.8727272727272727,9.27066895368782,0.03803053295432676,7.117482872367417,ALARM CLOCK BAKELIKE IVORY,ALARM CLOCK BAKELIKE RED 
29,22727,22730,0.0941385435168739,0.04884547069271759,0.04262877442273535,0.4528301886792453,9.27066895368782,0.03803053295432676,1.7383168983891713,ALARM CLOCK BAKELIKE RED ,ALARM CLOCK BAKELIKE IVORY
30,22726,22730,0.07726465364120781,0.04884547069271759,0.03463587921847247,0.4482758620689656,9.177429467084641,0.03086185084345788,1.7239675843694493,ALARM CLOCK BAKELIKE GREEN,ALARM CLOCK BAKELIKE IVORY
31,22730,22726,0.04884547069271759,0.07726465364120781,0.03463587921847247,0.7090909090909091,9.17742946708464,0.03086185084345788,3.1719027531083483,ALARM CLOCK BAKELIKE IVORY,ALARM CLOCK BAKELIKE GREEN
32,22728,22730,0.07726465364120781,0.04884547069271759,0.03374777975133215,0.4367816091954023,8.942110762800418,0.029973751376317557,1.6887845724435422,ALARM CLOCK BAKELIKE PINK,ALARM CLOCK BAKELIKE IVORY
33,22730,22728,0.04884547069271759,0.07726465364120781,0.03374777975133215,0.6909090909090908,8.942110762800418,0.029973751376317557,2.9853202382196207,ALARM CLOCK BAKELIKE IVORY,ALARM CLOCK BAKELIKE PINK
34,22960,21212,0.1261101243339254,0.11367673179396093,0.03108348134991119,0.2464788732394366,2.1682438380281686,0.016747694569500485,1.1762420942547436,JAM MAKING SET WITH JARS,PACK OF 72 RETROSPOT CAKE CASES
35,21212,22960,0.11367673179396093,0.1261101243339254,0.03108348134991119,0.2734375,2.168243838028169,0.016747694569500485,1.2027731622070703,PACK OF 72 RETROSPOT CAKE CASES,JAM MAKING SET WITH JARS
36,22720,21212,0.12433392539964476,0.11367673179396093,0.03108348134991119,0.25,2.19921875,0.016949607059365428,1.181764357608052,SET OF 3 CAKE TINS PANTRY DESIGN ,PACK OF 72 RETROSPOT CAKE CASES
37,21212,22720,0.11367673179396093,0.12433392539964476,0.03108348134991119,0.2734375,2.19921875,0.016949607059365428,1.2052178231058652,PACK OF 72 RETROSPOT CAKE CASES,SET OF 3 CAKE TINS PANTRY DESIGN 
38,22423,21212,0.19626998223801065,0.11367673179396093,0.03374777975133215,0.17194570135746606,1.5125848416289591,0.011436449621256336,1.0703685370138507,REGENCY CAKESTAND 3 TIER,PACK OF 72 RETROSPOT CAKE CASES
39,21212,22423,0.11367673179396093,0.19626998223801065,0.03374777975133215,0.296875,1.5125848416289593,0.011436449621256336,1.1430826919281627,PACK OF 72 RETROSPOT CAKE CASES,REGENCY CAKESTAND 3 TIER
40,22423,22554,0.19626998223801065,0.08969804618117229,0.03019538188277087,0.15384615384615385,1.7151561309977152,0.012590347952007926,1.0758113999677055,REGENCY CAKESTAND 3 TIER,PLASTERS IN TIN WOODLAND ANIMALS
41,22554,22423,0.08969804618117229,0.19626998223801065,0.03019538188277087,0.33663366336633666,1.7151561309977152,0.012590347952007926,1.2115930118501632,PLASTERS IN TIN WOODLAND ANIMALS,REGENCY CAKESTAND 3 TIER
42,84991,21212,0.08703374777975133,0.11367673179396093,0.0497335701598579,0.5714285714285714,5.0267857142857135,0.039839858156475866,2.068087625814091,60 TEATIME FAIRY CAKE CASES,PACK OF 72 RETROSPOT CAKE CASES
43,21212,84991,0.11367673179396093,0.08703374777975133,0.0497335701598579,0.43749999999999994,5.0267857142857135,0.039839858156475866,1.6230511150582199,PACK OF 72 RETROSPOT CAKE CASES,60 TEATIME FAIRY CAKE CASES
44,22554,22551,0.08969804618117229,0.08170515097690942,0.04884547069271759,0.5445544554455446,6.6648730090400345,0.04151667828715111,2.016256081550699,PLASTERS IN TIN WOODLAND ANIMALS,PLASTERS IN TIN SPACEBOY
45,22551,22554,0.08170515097690942,0.08969804618117229,0.04884547069271759,0.5978260869565217,6.6648730090400345,0.04151667828715111,2.263453506792761,PLASTERS IN TIN SPACEBOY,PLASTERS IN TIN WOODLAND ANIMALS
46,21977,21212,0.08170515097690942,0.11367673179396093,0.04884547069271759,0.5978260869565217,5.259001358695652,0.039557496158930366,2.203830829052854,PACK OF 60 PINK PAISLEY CAKE CASES,PACK OF 72 RETROSPOT CAKE CASES
47,21212,21977,0.11367673179396093,0.08170515097690942,0.04884547069271759,0.4296875,5.259001358695651,0.039557496158930366,1.6101608311637752,PACK OF 72 RETROSPOT CAKE CASES,PACK OF 60 PINK PAISLEY CAKE CASES
48,84991,21977,0.08703374777975133,0.08170515097690942,0.04262877442273535,0.489795918367347,5.994676131322095,0.03551766892030451,1.7998579040852578,60 TEATIME FAIRY CAKE CASES,PACK OF 60 PINK PAISLEY CAKE CASES
49,21977,84991,0.08170515097690942,0.08703374777975133,0.04262877442273535,0.5217391304347826,5.994676131322094,0.03551766892030451,1.9089294364605198,PACK OF 60 PINK PAISLEY CAKE CASES,60 TEATIME FAIRY CAKE CASES
50,22960,21977,0.1261101243339254,0.08170515097690942,0.035523978685612786,0.2816901408450704,3.4476423759951005,0.025220131937192594,1.2784104760909691,JAM MAKING SET WITH JARS,PACK OF 60 PINK PAISLEY CAKE CASES
51,21977,22960,0.08170515097690942,0.1261101243339254,0.035523978685612786,0.4347826086956521,3.4476423759951005,0.025220131937192594,1.5461128569476703,PACK OF 60 PINK PAISLEY CAKE CASES,JAM MAKING SET WITH JARS
52,22720,22666,0.12433392539964476,0.08081705150976909,0.03285968028419183,0.2642857142857143,3.270172684458399,0.022811379030756952,1.2493748814430323,SET OF 3 CAKE TINS PANTRY DESIGN ,RECIPE BOX PANTRY YELLOW DESIGN
53,22666,22720,0.08081705150976909,0.12433392539964476,0.03285968028419183,0.40659340659340665,3.2701726844583994,0.022811379030756952,1.4756594960857843,RECIPE BOX PANTRY YELLOW DESIGN,SET OF 3 CAKE TINS PANTRY DESIGN 
54,22960,22666,0.1261101243339254,0.08081705150976909,0.03108348134991119,0.2464788732394366,3.049837486457205,0.02089163293571296,1.2198502680898393,JAM MAKING SET WITH JARS,RECIPE BOX PANTRY YELLOW DESIGN
55,22666,22960,0.08081705150976909,0.1261101243339254,0.03108348134991119,0.38461538461538464,3.049837486457205,0.02089163293571296,1.420071047957371,RECIPE BOX PANTRY YELLOW DESIGN,JAM MAKING SET WITH JARS
56,22555,22554,0.07104795737122557,0.08969804618117229,0.043516873889875664,0.6125,6.828465346534654,0.037144010928513514,2.3491663324356846,PLASTERS IN TIN STRONGMAN,PLASTERS IN TIN WOODLAND ANIMALS
57,22554,22555,0.08969804618117229,0.07104795737122557,0.043516873889875664,0.48514851485148514,6.828465346534654,0.037144010928513514,1.8043106981828119,PLASTERS IN TIN WOODLAND ANIMALS,PLASTERS IN TIN STRONGMAN
58,22555,22551,0.07104795737122557,0.08170515097690942,0.03996447602131439,0.5625,6.884510869565217,0.03415949193769738,2.098959654909921,PLASTERS IN TIN STRONGMAN,PLASTERS IN TIN SPACEBOY
59,22551,22555,0.08170515097690942,0.07104795737122557,0.03996447602131439,0.48913043478260865,6.884510869565217,0.03415949193769738,1.8183742111031327,PLASTERS IN TIN SPACEBOY,PLASTERS IN TIN STRONGMAN
60,22556,22554,0.07104795737122557,0.08969804618117229,0.04884547069271759,0.6875000000000001,7.664603960396041,0.04247260773135544,2.91296625222025,PLASTERS IN TIN CIRCUS PARADE ,PLASTERS IN TIN WOODLAND ANIMALS
61,22554,22556,0.08969804618117229,0.07104795737122557,0.04884547069271759,0.5445544554455446,7.6646039603960405,0.04247260773135544,2.0396555718588307,PLASTERS IN TIN WOODLAND ANIMALS,PLASTERS IN TIN CIRCUS PARADE 
62,22556,22551,0.07104795737122557,0.08170515097690942,0.043516873889875664,0.6125,7.496467391304348,0.037711889806258655,2.369793158769266,PLASTERS IN TIN CIRCUS PARADE ,PLASTERS IN TIN SPACEBOY
63,22551,22556,0.08170515097690942,0.07104795737122557,0.043516873889875664,0.5326086956521738,7.496467391304347,0.037711889806258655,1.987525300508075,PLASTERS IN TIN SPACEBOY,PLASTERS IN TIN CIRCUS PARADE 
64,22555,22556,0.07104795737122557,0.07104795737122557,0.03996447602131439,0.5625,7.917187500000001,0.0349166637746909,2.1233189545800557,PLASTERS IN TIN STRONGMAN,PLASTERS IN TIN CIRCUS PARADE 
65,22556,22555,0.07104795737122557,0.07104795737122557,0.03996447602131439,0.5625,7.917187500000001,0.0349166637746909,2.1233189545800557,PLASTERS IN TIN CIRCUS PARADE ,PLASTERS IN TIN STRONGMAN
66,22112,22114,0.07104795737122557,0.0586145648312611,0.03374777975133215,0.47500000000000003,8.103787878787879,0.029583334647867773,1.793115114607122,CHOCOLATE HOT WATER BOTTLE,HOT WATER BOTTLE TEA AND SYMPATHY
67,22114,22112,0.0586145648312611,0.07104795737122557,0.03374777975133215,0.5757575757575757,8.103787878787879,0.029583334647867773,2.189672671910682,HOT WATER BOTTLE TEA AND SYMPATHY,CHOCOLATE HOT WATER BOTTLE
68,23355,22114,0.07904085257548846,0.0586145648312611,0.03019538188277087,0.38202247191011235,6.517534899557371,0.025562436705166752,1.523332795091232,HOT WATER BOTTLE KEEP CALM,HOT WATER BOTTLE TEA AND SYMPATHY
69,22114,23355,0.0586145648312611,0.07904085257548846,0.03019538188277087,0.5151515151515151,6.517534899557371,0.025562436705166752,1.8994782415630551,HOT WATER BOTTLE TEA AND SYMPATHY,HOT WATER BOTTLE KEEP CALM
70,21166,21175,0.05328596802841918,0.06483126110124333,0.03019538188277087,0.5666666666666667,8.740639269406394,0.026740785376487924,2.158081705150977,COOK WITH WINE METAL SIGN ,GIN AND TONIC DIET METAL SIGN
71,21175,21166,0.06483126110124333,0.05328596802841918,0.03019538188277087,0.4657534246575343,8.740639269406394,0.026740785376487924,1.7720544701006515,GIN AND TONIC DIET METAL SIGN,COOK WITH WINE METAL SIGN 
72,22111,22112,0.0674955595026643,0.07104795737122557,0.03019538188277087,0.4473684210526316,6.29671052631579,0.02539996024847856,1.6809608390425443,SCOTTIE DOG HOT WATER BOTTLE,CHOCOLATE HOT WATER BOTTLE
73,22112,22111,0.07104795737122557,0.0674955595026643,0.03019538188277087,0.42500000000000004,6.29671052631579,0.02539996024847856,1.6217468530388448,CHOCOLATE HOT WATER BOTTLE,SCOTTIE DOG HOT WATER BOTTLE
74,47590A,47590B,0.03907637655417407,0.037300177619893425,0.03108348134991119,0.7954545454545454,21.325757575757578,0.029625925563698658,4.706532464969409,BLUE HAPPY BIRTHDAY BUNTING,PINK HAPPY BIRTHDAY BUNTING
75,47590B,47590A,0.037300177619893425,0.03907637655417407,0.03108348134991119,0.8333333333333334,21.325757575757574,0.029625925563698658,5.765541740674957,PINK HAPPY BIRTHDAY BUNTING,BLUE HAPPY BIRTHDAY BUNTING
76,22423,84879,0.19626998223801065,0.09236234458259325,0.03374777975133215,0.17194570135746606,1.861642882004873,0.015619824020645552,1.0961088625532618,REGENCY CAKESTAND 3 TIER,ASSORTED COLOUR BIRD ORNAMENT
77,84879,22423,0.09236234458259325,0.19626998223801065,0.03374777975133215,0.36538461538461536,1.861642882004873,0.015619824020645552,1.2664836643522257,ASSORTED COLOUR BIRD ORNAMENT,REGENCY CAKESTAND 3 TIER
78,22728,22727,0.07726465364120781,0.0941385435168739,0.06127886323268206,0.7931034482758621,8.424853610930384,0.05400528127356303,4.378330373001777,ALARM CLOCK BAKELIKE PINK,ALARM CLOCK BAKELIKE RED 
79,22727,22728,0.0941385435168739,0.07726465364120781,0.06127886323268206,0.6509433962264151,8.424853610930384,0.05400528127356303,2.6435120733522153,ALARM CLOCK BAKELIKE RED ,ALARM CLOCK BAKELIKE PINK
80,22423,22699,0.19626998223801065,0.10479573712255773,0.06838365896980461,0.34841628959276016,3.3247181532326096,0.04781540150614097,1.3738898756660745,REGENCY CAKESTAND 3 TIER,ROSES REGENCY TEACUP AND SAUCER 
81,22699,22423,0.10479573712255773,0.19626998223801065,0.06838365896980461,0.6525423728813559,3.3247181532326096,0.04781540150614097,2.313174197461335,ROSES REGENCY TEACUP AND SAUCER ,REGENCY CAKESTAND 3 TIER
82,22960,22699,0.1261101243339254,0.10479573712255773,0.037300177619893425,0.2957746478873239,2.822391978992599,0.024084374181702308,1.271190053285968,JAM MAKING SET WITH JARS,ROSES REGENCY TEACUP AND SAUCER 
83,22699,22960,0.10479573712255773,0.1261101243339254,0.037300177619893425,0.35593220338983045,2.822391978992599,0.024084374181702308,1.3568290174815367,ROSES REGENCY TEACUP AND SAUCER ,JAM MAKING SET WITH JARS
84,22699,22697,0.10479573712255773,0.09502664298401421,0.08170515097690942,0.7796610169491526,8.204657056866782,0.07174676387911752,4.107186774149475,ROSES REGENCY TEACUP AND SAUCER ,GREEN REGENCY TEACUP AND SAUCER
85,22697,22699,0.09502664298401421,0.10479573712255773,0.08170515097690942,0.8598130841121495,8.204657056866782,0.07174676387911752,6.385790408525754,GREEN REGENCY TEACUP AND SAUCER,ROSES REGENCY TEACUP AND SAUCER 
86,22423,22697,0.19626998223801065,0.09502664298401421,0.06127886323268206,0.31221719457013575,3.285575337252083,0.04262798570207181,1.3157836309245583,REGENCY CAKESTAND 3 TIER,GREEN REGENCY TEACUP AND SAUCER
87,22697,22423,0.09502664298401421,0.19626998223801065,0.06127886323268206,0.6448598130841121,3.285575337252083,0.04262798570207181,2.263134523698233,GREEN REGENCY TEACUP AND SAUCER,REGENCY CAKESTAND 3 TIER
88,22960,22697,0.1261101243339254,0.09502664298401421,0.03641207815275311,0.2887323943661972,3.038436224825589,0.024428256391003537,1.2723387791709901,JAM MAKING SET WITH JARS,GREEN REGENCY TEACUP AND SAUCER
89,22697,22960,0.09502664298401421,0.1261101243339254,0.03641207815275311,0.38317757009345793,3.0384362248255887,0.024428256391003537,1.4167608590343934,GREEN REGENCY TEACUP AND SAUCER,JAM MAKING SET WITH JARS
90,85099B,22386,0.17761989342806395,0.08259325044404973,0.05950266429840142,0.33499999999999996,4.056021505376344,0.04483245995665191,1.3795590218886469,JUMBO BAG RED RETROSPOT,JUMBO BAG PINK POLKADOT
91,22386,85099B,0.08259325044404973,0.17761989342806395,0.05950266429840142,0.7204301075268816,4.056021505376344,0.04483245995665191,2.9415903811996165,JUMBO BAG PINK POLKADOT,JUMBO BAG RED RETROSPOT
92,21931,22386,0.07548845470692718,0.08259325044404973,0.03019538188277087,0.39999999999999997,4.843010752688172,0.023960545037527328,1.5290112492599168,JUMBO STORAGE BAG SUKI,JUMBO BAG PINK POLKADOT
93,22386,21931,0.08259325044404973,0.07548845470692718,0.03019538188277087,0.3655913978494624,4.843010752688172,0.023960545037527328,1.4572809103772164,JUMBO BAG PINK POLKADOT,JUMBO STORAGE BAG SUKI
94,21931,85099B,0.07548845470692718,0.17761989342806395,0.0497335701598579,0.6588235294117647,3.7091764705882353,0.036325318879764264,2.4104244502970538,JUMBO STORAGE BAG SUKI,JUMBO BAG RED RETROSPOT
95,85099B,21931,0.17761989342806395,0.07548845470692718,0.0497335701598579,0.27999999999999997,3.709176470588235,0.036325318879764264,1.2840438129070455,JUMBO BAG RED RETROSPOT,JUMBO STORAGE BAG SUKI
96,20725,21931,0.1438721136767318,0.07548845470692718,0.03197158081705151,0.2222222222222222,2.9437908496732024,0.021110897280175664,1.1886577010910935,LUNCH BAG RED RETROSPOT,JUMBO STORAGE BAG SUKI
97,21931,20725,0.07548845470692718,0.1438721136767318,0.03197158081705151,0.4235294117647059,2.9437908496732024,0.021110897280175664,1.4851198028056694,JUMBO STORAGE BAG SUKI,LUNCH BAG RED RETROSPOT
98,20724,85099B,0.06571936056838366,0.17761989342806395,0.03108348134991119,0.4729729729729729,2.6628378378378375,0.019410415529594376,1.5604135355467503,RED RETROSPOT CHARLOTTE BAG,JUMBO BAG RED RETROSPOT
99,85099B,20724,0.17761989342806395,0.06571936056838366,0.03108348134991119,0.175,2.6628378378378375,0.019410415529594376,1.132461381129232,JUMBO BAG RED RETROSPOT,RED RETROSPOT CHARLOTTE BAG
100,85099C,85099B,0.05772646536412078,0.17761989342806395,0.04440497335701599,0.7692307692307693,4.330769230769231,0.03415160473106203,3.56364712847839,JUMBO  BAG BAROQUE BLACK WHITE,JUMBO BAG RED RETROSPOT
101,85099B,85099C,0.17761989342806395,0.05772646536412078,0.04440497335701599,0.25,4.3307692307692305,0.03415160473106203,1.256364712847839,JUMBO BAG RED RETROSPOT,JUMBO  BAG BAROQUE BLACK WHITE
102,20712,85099B,0.056838365896980464,0.17761989342806395,0.03197158081705151,0.5625,3.166875,0.021875956323804534,1.8797259578787109,JUMBO BAG WOODLAND ANIMALS,JUMBO BAG RED RETROSPOT
103,85099B,20712,0.17761989342806395,0.056838365896980464,0.03197158081705151,0.18,3.1668749999999997,0.021875956323804534,1.1501971147597798,JUMBO BAG RED RETROSPOT,JUMBO BAG WOODLAND ANIMALS
104,84997D,84997B,0.05950266429840142,0.055062166962699825,0.03197158081705151,0.5373134328358209,9.758305247953778,0.028695235180727453,2.0422849939838423,CHILDRENS CUTLERY POLKADOT PINK,CHILDRENS CUTLERY RETROSPOT RED 
105,84997B,84997D,0.055062166962699825,0.05950266429840142,0.03197158081705151,0.5806451612903225,9.758305247953778,0.028695235180727453,2.2427244159038113,CHILDRENS CUTLERY RETROSPOT RED ,CHILDRENS CUTLERY POLKADOT PINK
106,85099B,20713,0.17761989342806395,0.04262877442273535,0.03019538188277087,0.17,3.987916666666667,0.02262366351283564,1.1534593079244153,JUMBO BAG RED RETROSPOT,JUMBO BAG OWLS
107,20713,85099B,0.04262877442273535,0.17761989342806395,0.03019538188277087,0.7083333333333333,3.987916666666666,0.02262366351283564,2.8195889368180658,JUMBO BAG OWLS,JUMBO BAG RED RETROSPOT
108,20725,22423,0.1438721136767318,0.19626998223801065,0.03818827708703375,0.26543209876543206,1.3523825484609797,0.009950499891156546,1.0941534695583384,LUNCH BAG RED RETROSPOT,REGENCY CAKESTAND 3 TIER
109,22423,20725,0.19626998223801065,0.1438721136767318,0.03818827708703375,0.19457013574660634,1.3523825484609797,0.009950499891156546,1.0629452970642823,REGENCY CAKESTAND 3 TIER,LUNCH BAG RED RETROSPOT
110,20725,85099B,0.1438721136767318,0.17761989342806395,0.056838365896980464,0.3950617283950617,2.2241975308641972,0.03128381639844906,1.3594446659658534,LUNCH BAG RED RETROSPOT,JUMBO BAG RED RETROSPOT
111,85099B,20725,0.17761989342806395,0.1438721136767318,0.056838365896980464,0.32,2.2241975308641972,0.03128381639844906,1.259011597534218,JUMBO BAG RED RETROSPOT,LUNCH BAG RED RETROSPOT
112,20725,22383,0.1438721136767318,0.10746003552397869,0.06838365896980461,0.47530864197530853,4.423120089786755,0.05292315652319311,1.7010761675895933,LUNCH BAG RED RETROSPOT,LUNCH BAG SUKI DESIGN 
113,22383,20725,0.10746003552397869,0.1438721136767318,0.06838365896980461,0.6363636363636362,4.423120089786755,0.05292315652319311,2.354351687388987,LUNCH BAG SUKI DESIGN ,LUNCH BAG RED RETROSPOT
114,22383,85099B,0.10746003552397869,0.17761989342806395,0.03463587921847247,0.32231404958677684,1.8146280991735535,0.015548839160927409,1.2135121084781009,LUNCH BAG SUKI DESIGN ,JUMBO BAG RED RETROSPOT
115,85099B,22383,0.17761989342806395,0.10746003552397869,0.03463587921847247,0.195,1.8146280991735537,0.015548839160927409,1.1087452974857408,JUMBO BAG RED RETROSPOT,LUNCH BAG SUKI DESIGN 
116,22383,20728,0.10746003552397869,0.10035523978685613,0.06127886323268206,0.5702479338842975,5.682293571271849,0.0504946856001691,2.0934041535728922,LUNCH BAG SUKI DESIGN ,LUNCH BAG CARS BLUE
117,20728,22383,0.10035523978685613,0.10746003552397869,0.06127886323268206,0.6106194690265486,5.682293571271849,0.0504946856001691,2.2922049087679635,LUNCH BAG CARS BLUE,LUNCH BAG SUKI DESIGN 
118,20725,20728,0.1438721136767318,0.10035523978685613,0.0586145648312611,0.4074074074074074,4.059652572926908,0.04417624436459086,1.5181505328596805,LUNCH BAG RED RETROSPOT,LUNCH BAG CARS BLUE
119,20728,20725,0.10035523978685613,0.1438721136767318,0.0586145648312611,0.584070796460177,4.059652572926909,0.04417624436459086,2.0583500245644535,LUNCH BAG CARS BLUE,LUNCH BAG RED RETROSPOT
120,20728,22382,0.10035523978685613,0.10124333925399645,0.04262877442273535,0.4247787610619469,4.195621797857475,0.03246847483507851,1.5624538871430524,LUNCH BAG CARS BLUE,LUNCH BAG SPACEBOY DESIGN 
121,22382,20728,0.10124333925399645,0.10035523978685613,0.04262877442273535,0.42105263157894735,4.195621797857475,0.03246847483507851,1.5539318585499757,LUNCH BAG SPACEBOY DESIGN ,LUNCH BAG CARS BLUE
122,20728,85099B,0.10035523978685613,0.17761989342806395,0.03108348134991119,0.30973451327433627,1.7438053097345132,0.013258394354021999,1.1913968210593433,LUNCH BAG CARS BLUE,JUMBO BAG RED RETROSPOT
123,85099B,20728,0.17761989342806395,0.10035523978685613,0.03108348134991119,0.175,1.743805309734513,0.013258394354021999,1.0904784972280532,JUMBO BAG RED RETROSPOT,LUNCH BAG CARS BLUE
124,22384,20725,0.08792184724689166,0.1438721136767318,0.056838365896980464,0.6464646464646464,4.493328345180196,0.04418886389520742,2.421618878457244,LUNCH BAG PINK POLKADOT,LUNCH BAG RED RETROSPOT
125,20725,22384,0.1438721136767318,0.08792184724689166,0.056838365896980464,0.3950617283950617,4.493328345180196,0.04418886389520742,1.5077210280204443,LUNCH BAG RED RETROSPOT,LUNCH BAG PINK POLKADOT
126,22384,22383,0.08792184724689166,0.10746003552397869,0.0452930728241563,0.5151515151515151,4.793889306286,0.0358449879956715,1.840863676731794,LUNCH BAG PINK POLKADOT,LUNCH BAG SUKI DESIGN 
127,22383,22384,0.10746003552397869,0.08792184724689166,0.0452930728241563,0.4214876033057851,4.793889306286,0.0358449879956715,1.57659223547323,LUNCH BAG SUKI DESIGN ,LUNCH BAG PINK POLKADOT
128,22384,20728,0.08792184724689166,0.10035523978685613,0.04085257548845471,0.46464646464646464,4.630016983999284,0.03202915742548956,1.6804685143604008,LUNCH BAG PINK POLKADOT,LUNCH BAG CARS BLUE
129,20728,22384,0.10035523978685613,0.08792184724689166,0.04085257548845471,0.40707964601769914,4.630016983999285,0.03202915742548956,1.538281063598526,LUNCH BAG CARS BLUE,LUNCH BAG PINK POLKADOT
130,22384,20726,0.08792184724689166,0.08880994671403197,0.03641207815275311,0.41414141414141414,4.663232323232323,0.028603743583757404,1.5553071599191524,LUNCH BAG PINK POLKADOT,LUNCH BAG WOODLAND
131,20726,22384,0.08880994671403197,0.08792184724689166,0.03641207815275311,0.41,4.6632323232323225,0.028603743583757404,1.5458951741578104,LUNCH BAG WOODLAND,LUNCH BAG PINK POLKADOT
132,22384,22382,0.08792184724689166,0.10124333925399645,0.035523978685612786,0.404040404040404,3.9907850434166217,0.02662247727695768,1.508083210404311,LUNCH BAG PINK POLKADOT,LUNCH BAG SPACEBOY DESIGN 
133,22382,22384,0.10124333925399645,0.08792184724689166,0.035523978685612786,0.3508771929824561,3.990785043416622,0.02662247727695768,1.4050933704574913,LUNCH BAG SPACEBOY DESIGN ,LUNCH BAG PINK POLKADOT
134,22384,85099B,0.08792184724689166,0.17761989342806395,0.03285968028419183,0.37373737373737376,2.1041414141414143,0.01724301114620042,1.3131553314616398,LUNCH BAG PINK POLKADOT,JUMBO BAG RED RETROSPOT
135,85099B,22384,0.17761989342806395,0.08792184724689166,0.03285968028419183,0.185,2.104141414141414,0.01724301114620042,1.1191142978565747,JUMBO BAG RED RETROSPOT,LUNCH BAG PINK POLKADOT
136,22384,23206,0.08792184724689166,0.09236234458259325,0.03197158081705151,0.3636363636363636,3.9370629370629366,0.023850912865295976,1.4262877442273532,LUNCH BAG PINK POLKADOT,LUNCH BAG APPLE DESIGN
137,23206,22384,0.09236234458259325,0.08792184724689166,0.03197158081705151,0.34615384615384615,3.9370629370629366,0.023850912865295976,1.3949430571518127,LUNCH BAG APPLE DESIGN,LUNCH BAG PINK POLKADOT
138,23209,22384,0.09591474245115453,0.08792184724689166,0.03019538188277087,0.3148148148148148,3.5806210250654695,0.02176238054825551,1.331141087801834,LUNCH BAG VINTAGE DOILY ,LUNCH BAG PINK POLKADOT
139,22384,23209,0.08792184724689166,0.09591474245115453,0.03019538188277087,0.3434343434343434,3.5806210250654695,0.02176238054825551,1.3769913922667032,LUNCH BAG PINK POLKADOT,LUNCH BAG VINTAGE DOILY 
140,20727,20725,0.07992895204262877,0.1438721136767318,0.0586145648312611,0.7333333333333334,5.097119341563786,0.04711501755692197,3.2104795737122562,LUNCH BAG  BLACK SKULL.,LUNCH BAG RED RETROSPOT
141,20725,20727,0.1438721136767318,0.07992895204262877,0.0586145648312611,0.4074074074074074,5.097119341563785,0.04711501755692197,1.5526198934280642,LUNCH BAG RED RETROSPOT,LUNCH BAG  BLACK SKULL.
142,20727,22383,0.07992895204262877,0.10746003552397869,0.0452930728241563,0.5666666666666667,5.2732782369146,0.03670390479826102,2.05970761032928,LUNCH BAG  BLACK SKULL.,LUNCH BAG SUKI DESIGN 
143,22383,20727,0.10746003552397869,0.07992895204262877,0.0452930728241563,0.4214876033057851,5.2732782369146,0.03670390479826102,1.5904085257548843,LUNCH BAG SUKI DESIGN ,LUNCH BAG  BLACK SKULL.
144,20727,20728,0.07992895204262877,0.10035523978685613,0.043516873889875664,0.5444444444444444,5.425172074729596,0.035495584741725525,1.9748299614434863,LUNCH BAG  BLACK SKULL.,LUNCH BAG CARS BLUE
145,20728,20727,0.10035523978685613,0.07992895204262877,0.043516873889875664,0.43362831858407075,5.425172074729597,0.035495584741725525,1.6245004440497337,LUNCH BAG CARS BLUE,LUNCH BAG  BLACK SKULL.
146,20727,22384,0.07992895204262877,0.08792184724689166,0.03907637655417407,0.48888888888888893,5.560493827160494,0.032048875442077934,1.784500733647386,LUNCH BAG  BLACK SKULL.,LUNCH BAG PINK POLKADOT
147,22384,20727,0.08792184724689166,0.07992895204262877,0.03907637655417407,0.4444444444444445,5.560493827160494,0.032048875442077934,1.6561278863232682,LUNCH BAG PINK POLKADOT,LUNCH BAG  BLACK SKULL.
148,20727,22382,0.07992895204262877,0.10124333925399645,0.037300177619893425,0.4666666666666666,4.609356725146198,0.029207903612025146,1.6851687388987564,LUNCH BAG  BLACK SKULL.,LUNCH BAG SPACEBOY DESIGN 
149,22382,20727,0.10124333925399645,0.07992895204262877,0.037300177619893425,0.3684210526315789,4.609356725146199,0.029207903612025146,1.456779159265838,LUNCH BAG SPACEBOY DESIGN ,LUNCH BAG  BLACK SKULL.
150,20727,20726,0.07992895204262877,0.08880994671403197,0.03374777975133215,0.4222222222222222,4.754222222222222,0.02664929377951787,1.5770597076103294,LUNCH BAG  BLACK SKULL.,LUNCH BAG WOODLAND
151,20726,20727,0.08880994671403197,0.07992895204262877,0.03374777975133215,0.38,4.754222222222222,0.02664929377951787,1.4839855612215667,LUNCH BAG WOODLAND,LUNCH BAG  BLACK SKULL.
152,20727,85099B,0.07992895204262877,0.17761989342806395,0.03197158081705151,0.4,2.2520000000000002,0.017774608873422953,1.3706335109532268,LUNCH BAG  BLACK SKULL.,JUMBO BAG RED RETROSPOT
153,85099B,20727,0.17761989342806395,0.07992895204262877,0.03197158081705151,0.18,2.252,0.017774608873422953,1.1220378633626478,JUMBO BAG RED RETROSPOT,LUNCH BAG  BLACK SKULL.
154,22629,22423,0.09325044404973357,0.19626998223801065,0.035523978685612786,0.38095238095238093,1.9409609997845292,0.017221715688284973,1.2983331056155212,SPACEBOY LUNCH BOX ,REGENCY CAKESTAND 3 TIER
155,22423,22629,0.19626998223801065,0.09325044404973357,0.035523978685612786,0.18099547511312217,1.9409609997845292,0.017221715688284973,1.1071361981492203,REGENCY CAKESTAND 3 TIER,SPACEBOY LUNCH BOX 
156,22629,22382,0.09325044404973357,0.10124333925399645,0.03996447602131439,0.4285714285714286,4.2330827067669174,0.030523489678801398,1.5728241563055063,SPACEBOY LUNCH BOX ,LUNCH BAG SPACEBOY DESIGN 
157,22382,22629,0.10124333925399645,0.09325044404973357,0.03996447602131439,0.39473684210526316,4.2330827067669174,0.030523489678801398,1.498107962004788,LUNCH BAG SPACEBOY DESIGN ,SPACEBOY LUNCH BOX 
158,22629,20725,0.09325044404973357,0.1438721136767318,0.03818827708703375,0.40952380952380957,2.846443268665491,0.024772138600304763,1.4498940010313415,SPACEBOY LUNCH BOX ,LUNCH BAG RED RETROSPOT
159,20725,22629,0.1438721136767318,0.09325044404973357,0.03818827708703375,0.26543209876543206,2.8464432686654906,0.024772138600304763,1.234398555159186,LUNCH BAG RED RETROSPOT,SPACEBOY LUNCH BOX 
160,22629,22662,0.09325044404973357,0.07726465364120781,0.03374777975133215,0.3619047619047619,4.683962780514505,0.026542816489940654,1.4460777816070625,SPACEBOY LUNCH BOX ,LUNCH BAG DOLLY GIRL DESIGN
161,22662,22629,0.07726465364120781,0.09325044404973357,0.03374777975133215,0.4367816091954023,4.683962780514505,0.026542816489940654,1.6099430891361874,LUNCH BAG DOLLY GIRL DESIGN,SPACEBOY LUNCH BOX 
162,22662,22382,0.07726465364120781,0.10124333925399645,0.0541740674955595,0.7011494252873564,6.925388183101432,0.04635153595462017,3.0073780571116275,LUNCH BAG DOLLY GIRL DESIGN,LUNCH BAG SPACEBOY DESIGN 
163,22382,22662,0.10124333925399645,0.07726465364120781,0.0541740674955595,0.5350877192982456,6.925388183101432,0.04635153595462017,1.9847514997151379,LUNCH BAG SPACEBOY DESIGN ,LUNCH BAG DOLLY GIRL DESIGN
164,20725,22662,0.1438721136767318,0.07726465364120781,0.052397868561278864,0.3641975308641975,4.713637008656165,0.041281639529417706,1.4512924865060615,LUNCH BAG RED RETROSPOT,LUNCH BAG DOLLY GIRL DESIGN
165,22662,20725,0.07726465364120781,0.1438721136767318,0.052397868561278864,0.67816091954023,4.713637008656166,0.041281639529417706,2.6601116467901553,LUNCH BAG DOLLY GIRL DESIGN,LUNCH BAG RED RETROSPOT
166,22383,22662,0.10746003552397869,0.07726465364120781,0.046181172291296625,0.4297520661157025,5.562078464899782,0.037878309866264524,1.6181301001364328,LUNCH BAG SUKI DESIGN ,LUNCH BAG DOLLY GIRL DESIGN
167,22662,22383,0.07726465364120781,0.10746003552397869,0.046181172291296625,0.5977011494252874,5.562078464899781,0.037878309866264524,2.2185993402689674,LUNCH BAG DOLLY GIRL DESIGN,LUNCH BAG SUKI DESIGN 
168,22662,20726,0.07726465364120781,0.08880994671403197,0.037300177619893425,0.48275862068965514,5.435862068965517,0.030438307847139624,1.7616341030195382,LUNCH BAG DOLLY GIRL DESIGN,LUNCH BAG WOODLAND
169,20726,22662,0.08880994671403197,0.07726465364120781,0.037300177619893425,0.42,5.435862068965517,0.030438307847139624,1.5909230109634347,LUNCH BAG WOODLAND,LUNCH BAG DOLLY GIRL DESIGN
170,22384,22662,0.08792184724689166,0.07726465364120781,0.03285968028419183,0.37373737373737376,4.837106699175665,0.02606642920916557,1.473399988540652,LUNCH BAG PINK POLKADOT,LUNCH BAG DOLLY GIRL DESIGN
171,22662,22384,0.07726465364120781,0.08792184724689166,0.03285968028419183,0.4252873563218391,4.837106699175664,0.02606642920916557,1.5870159857904087,LUNCH BAG DOLLY GIRL DESIGN,LUNCH BAG PINK POLKADOT
172,20727,22662,0.07992895204262877,0.07726465364120781,0.03108348134991119,0.3888888888888889,5.0332056194125165,0.02490779855443277,1.5099305667689324,LUNCH BAG  BLACK SKULL.,LUNCH BAG DOLLY GIRL DESIGN
173,22662,20727,0.07726465364120781,0.07992895204262877,0.03108348134991119,0.40229885057471265,5.0332056194125165,0.02490779855443277,1.539349637928679,LUNCH BAG DOLLY GIRL DESIGN,LUNCH BAG  BLACK SKULL.
174,22662,22630,0.07726465364120781,0.07992895204262877,0.03463587921847247,0.4482758620689656,5.608429118773947,0.02846019642299405,1.6676287744227354,LUNCH BAG DOLLY GIRL DESIGN,DOLLY GIRL LUNCH BOX
175,22630,22662,0.07992895204262877,0.07726465364120781,0.03463587921847247,0.43333333333333335,5.608429118773947,0.02846019642299405,1.628356493574339,DOLLY GIRL LUNCH BOX,LUNCH BAG DOLLY GIRL DESIGN
176,22662,20728,0.07726465364120781,0.10035523978685613,0.03641207815275311,0.471264367816092,4.695961753636456,0.028658165309541312,1.7015020464900763,LUNCH BAG DOLLY GIRL DESIGN,LUNCH BAG CARS BLUE
177,20728,22662,0.10035523978685613,0.07726465364120781,0.03641207815275311,0.36283185840707965,4.695961753636457,0.028658165309541312,1.4481818630353267,LUNCH BAG CARS BLUE,LUNCH BAG DOLLY GIRL DESIGN
178,22662,23206,0.07726465364120781,0.09236234458259325,0.03285968028419183,0.4252873563218391,4.604553492484527,0.025723335720527877,1.5792895204262878,LUNCH BAG DOLLY GIRL DESIGN,LUNCH BAG APPLE DESIGN
179,23206,22662,0.09236234458259325,0.07726465364120781,0.03285968028419183,0.3557692307692308,4.604553492484527,0.025723335720527877,1.432305612258424,LUNCH BAG APPLE DESIGN,LUNCH BAG DOLLY GIRL DESIGN
180,20972,20971,0.0586145648312611,0.0452930728241563,0.03463587921847247,0.5909090909090909,13.046345811051696,0.03198104546501393,2.3337280442076183,PINK CREAM FELT CRAFT TRINKET BOX ,PINK BLUE FELT CRAFT TRINKET BOX
181,20971,20972,0.0452930728241563,0.0586145648312611,0.03463587921847247,0.7647058823529412,13.046345811051694,0.03198104546501393,4.000888099467141,PINK BLUE FELT CRAFT TRINKET BOX,PINK CREAM FELT CRAFT TRINKET BOX 
182,22423,47566,0.19626998223801065,0.10746003552397869,0.035523978685612786,0.18099547511312217,1.684304999813021,0.014432799422025498,1.0897863654651974,REGENCY CAKESTAND 3 TIER,PARTY BUNTING
183,47566,22423,0.10746003552397869,0.19626998223801065,0.035523978685612786,0.33057851239669417,1.684304999813021,0.014432799422025498,1.2006337302370458,PARTY BUNTING,REGENCY CAKESTAND 3 TIER
184,85099B,47566,0.17761989342806395,0.10746003552397869,0.03285968028419183,0.185,1.7215702479338841,0.01377264022664677,1.0951410607067746,JUMBO BAG RED RETROSPOT,PARTY BUNTING
185,47566,85099B,0.10746003552397869,0.17761989342806395,0.03285968028419183,0.3057851239669422,1.7215702479338846,0.01377264022664677,1.184618963038146,PARTY BUNTING,JUMBO BAG RED RETROSPOT
186,20725,20726,0.1438721136767318,0.08880994671403197,0.05950266429840142,0.4135802469135802,4.656913580246913,0.046725389549135715,1.5538188277087033,LUNCH BAG RED RETROSPOT,LUNCH BAG WOODLAND
187,20726,20725,0.08880994671403197,0.1438721136767318,0.05950266429840142,0.6699999999999999,4.656913580246913,0.046725389549135715,2.594326928252327,LUNCH BAG WOODLAND,LUNCH BAG RED RETROSPOT
188,20728,20726,0.10035523978685613,0.08880994671403197,0.04706927175843695,0.4690265486725664,5.2812389380530975,0.03815672826049235,1.71607460035524,LUNCH BAG CARS BLUE,LUNCH BAG WOODLAND
189,20726,20728,0.08880994671403197,0.10035523978685613,0.04706927175843695,0.53,5.2812389380530975,0.03815672826049235,1.9141377876875403,LUNCH BAG WOODLAND,LUNCH BAG CARS BLUE
190,20726,22382,0.08880994671403197,0.10124333925399645,0.04884547069271759,0.55,5.432456140350878,0.0398540551284195,1.9972370238800081,LUNCH BAG WOODLAND,LUNCH BAG SPACEBOY DESIGN 
191,22382,20726,0.10124333925399645,0.08880994671403197,0.04884547069271759,0.4824561403508772,5.432456140350877,0.0398540551284195,1.7606045097389889,LUNCH BAG SPACEBOY DESIGN ,LUNCH BAG WOODLAND
192,22383,20726,0.10746003552397869,0.08880994671403197,0.0452930728241563,0.4214876033057851,4.74595041322314,0.03574955279538377,1.5750570921086018,LUNCH BAG SUKI DESIGN ,LUNCH BAG WOODLAND
193,20726,22383,0.08880994671403197,0.10746003552397869,0.0452930728241563,0.51,4.745950413223141,0.03574955279538377,1.821510131583717,LUNCH BAG WOODLAND,LUNCH BAG SUKI DESIGN 
194,85099B,20726,0.17761989342806395,0.08880994671403197,0.03197158081705151,0.18,2.0267999999999997,0.016197167546353114,1.1112073820560584,JUMBO BAG RED RETROSPOT,LUNCH BAG WOODLAND
195,20726,85099B,0.08880994671403197,0.17761989342806395,0.03197158081705151,0.36,2.0267999999999997,0.016197167546353114,1.28496891651865,LUNCH BAG WOODLAND,JUMBO BAG RED RETROSPOT
196,22629,20726,0.09325044404973357,0.08880994671403197,0.03019538188277087,0.3238095238095238,3.646095238095238,0.021913814915654212,1.3475345858454455,SPACEBOY LUNCH BOX ,LUNCH BAG WOODLAND
197,20726,22629,0.08880994671403197,0.09325044404973357,0.03019538188277087,0.34,3.6460952380952385,0.021913814915654212,1.3738629635610098,LUNCH BAG WOODLAND,SPACEBOY LUNCH BOX 
198,20726,23206,0.08880994671403197,0.09236234458259325,0.03374777975133215,0.38,4.114230769230769,0.025545084850568982,1.4639317022861398,LUNCH BAG WOODLAND,LUNCH BAG APPLE DESIGN
199,23206,20726,0.09236234458259325,0.08880994671403197,0.03374777975133215,0.36538461538461536,4.114230769230769,0.025545084850568982,1.4358146294203133,LUNCH BAG APPLE DESIGN,LUNCH BAG WOODLAND
200,22554,22326,0.08969804618117229,0.08703374777975133,0.03108348134991119,0.34653465346534656,3.981612446958982,0.023276724222242553,1.3971150223370474,PLASTERS IN TIN WOODLAND ANIMALS,ROUND SNACK BOXES SET OF4 WOODLAND 
201,22326,22554,0.08703374777975133,0.08969804618117229,0.03108348134991119,0.35714285714285715,3.981612446958982,0.023276724222242553,1.4160252614959543,ROUND SNACK BOXES SET OF4 WOODLAND ,PLASTERS IN TIN WOODLAND ANIMALS
202,22729,22727,0.046181172291296625,0.0941385435168739,0.04085257548845471,0.8846153846153847,9.396952104499274,0.03650514719105023,7.850799289520431,ALARM CLOCK BAKELIKE ORANGE,ALARM CLOCK BAKELIKE RED 
203,22727,22729,0.0941385435168739,0.046181172291296625,0.04085257548845471,0.4339622641509434,9.396952104499274,0.03650514719105023,1.6850799289520428,ALARM CLOCK BAKELIKE RED ,ALARM CLOCK BAKELIKE ORANGE
204,22728,22729,0.07726465364120781,0.046181172291296625,0.03641207815275311,0.471264367816092,10.204686118479223,0.03284390587092113,1.803961695883852,ALARM CLOCK BAKELIKE PINK,ALARM CLOCK BAKELIKE ORANGE
205,22729,22728,0.046181172291296625,0.07726465364120781,0.03641207815275311,0.7884615384615384,10.204686118479222,0.03284390587092113,4.362021637332472,ALARM CLOCK BAKELIKE ORANGE,ALARM CLOCK BAKELIKE PINK
206,84997C,84997D,0.043516873889875664,0.05950266429840142,0.03463587921847247,0.7959183673469389,13.37618032287542,0.03204650928008733,4.608436944937835,CHILDRENS CUTLERY POLKADOT BLUE,CHILDRENS CUTLERY POLKADOT PINK
207,84997D,84997C,0.05950266429840142,0.043516873889875664,0.03463587921847247,0.582089552238806,13.37618032287542,0.03204650928008733,2.2887274803349404,CHILDRENS CUTLERY POLKADOT PINK,CHILDRENS CUTLERY POLKADOT BLUE
208,22624,22625,0.05772646536412078,0.050621669626998225,0.03463587921847247,0.6000000000000001,11.85263157894737,0.03171366916007559,2.373445825932505,IVORY KITCHEN SCALES,RED KITCHEN SCALES
209,22625,22624,0.050621669626998225,0.05772646536412078,0.03463587921847247,0.6842105263157895,11.852631578947369,0.03171366916007559,2.983866193013618,RED KITCHEN SCALES,IVORY KITCHEN SCALES
210,82494L,82482,0.04085257548845471,0.05772646536412078,0.03019538188277087,0.7391304347826086,12.80401337792642,0.02783710709880146,3.6120485494375365,WOODEN FRAME ANTIQUE WHITE ,WOODEN PICTURE FRAME WHITE FINISH
211,82482,82494L,0.05772646536412078,0.04085257548845471,0.03019538188277087,0.5230769230769231,12.804013377926422,0.02783710709880146,2.0111155675242083,WOODEN PICTURE FRAME WHITE FINISH,WOODEN FRAME ANTIQUE WHITE 
212,22328,22326,0.06039076376554174,0.08703374777975133,0.04262877442273535,0.7058823529411765,8.11044417767107,0.03737273992093864,3.104085257548846,ROUND SNACK BOXES SET OF 4 FRUITS ,ROUND SNACK BOXES SET OF4 WOODLAND 
213,22326,22328,0.08703374777975133,0.06039076376554174,0.04262877442273535,0.489795918367347,8.110444177671068,0.03737273992093864,1.8416341030195384,ROUND SNACK BOXES SET OF4 WOODLAND ,ROUND SNACK BOXES SET OF 4 FRUITS 
214,20725,22382,0.1438721136767318,0.10124333925399645,0.06216696269982238,0.43209876543209874,4.267922893653887,0.047600869485659475,1.5825932504440496,LUNCH BAG RED RETROSPOT,LUNCH BAG SPACEBOY DESIGN 
215,22382,20725,0.10124333925399645,0.1438721136767318,0.06216696269982238,0.6140350877192983,4.267922893653887,0.047600869485659475,2.2181495236557405,LUNCH BAG SPACEBOY DESIGN ,LUNCH BAG RED RETROSPOT
216,22383,22382,0.10746003552397869,0.10124333925399645,0.05595026642984014,0.5206611570247933,5.142670726402783,0.045070653597039455,1.8749923439701106,LUNCH BAG SUKI DESIGN ,LUNCH BAG SPACEBOY DESIGN 
217,22382,22383,0.10124333925399645,0.10746003552397869,0.05595026642984014,0.5526315789473684,5.142670726402783,0.045070653597039455,1.995089332358165,LUNCH BAG SPACEBOY DESIGN ,LUNCH BAG SUKI DESIGN 
218,22750,22749,0.04262877442273535,0.05150976909413854,0.03285968028419183,0.7708333333333334,14.964798850574715,0.030663881956910617,4.138866462134669,FELTCRAFT PRINCESS LOLA DOLL,FELTCRAFT PRINCESS CHARLOTTE DOLL
219,22749,22750,0.05150976909413854,0.04262877442273535,0.03285968028419183,0.6379310344827587,14.964798850574713,0.030663881956910617,2.6441681468324454,FELTCRAFT PRINCESS CHARLOTTE DOLL,FELTCRAFT PRINCESS LOLA DOLL
220,85099F,85099B,0.07815275310834814,0.17761989342806395,0.0586145648312611,0.75,4.2225,0.044733081153046514,3.289520426287744,JUMBO BAG STRAWBERRY,JUMBO BAG RED RETROSPOT
221,85099B,85099F,0.17761989342806395,0.07815275310834814,0.0586145648312611,0.33,4.2225,0.044733081153046514,1.3758914132711224,JUMBO BAG RED RETROSPOT,JUMBO BAG STRAWBERRY
222,85099F,22386,0.07815275310834814,0.08259325044404973,0.035523978685612786,0.4545454545454545,5.503421309872921,0.029069088775243,1.6819123741859086,JUMBO BAG STRAWBERRY,JUMBO BAG PINK POLKADOT
223,22386,85099F,0.08259325044404973,0.07815275310834814,0.035523978685612786,0.4301075268817204,5.503421309872921,0.029069088775243,1.6175810181306343,JUMBO BAG PINK POLKADOT,JUMBO BAG STRAWBERRY
224,85099B,21929,0.17761989342806395,0.0630550621669627,0.03907637655417407,0.22,3.4890140845070423,0.02787654313197821,1.2012114587603042,JUMBO BAG RED RETROSPOT,JUMBO BAG PINK VINTAGE PAISLEY
225,21929,85099B,0.0630550621669627,0.17761989342806395,0.03907637655417407,0.619718309859155,3.4890140845070428,0.02787654313197821,2.162555095059536,JUMBO BAG PINK VINTAGE PAISLEY,JUMBO BAG RED RETROSPOT
226,22385,85099B,0.05772646536412078,0.17761989342806395,0.03907637655417407,0.676923076923077,3.8110769230769233,0.028823007928220113,2.5454622346274216,JUMBO BAG SPACEBOY DESIGN,JUMBO BAG RED RETROSPOT
227,85099B,22385,0.17761989342806395,0.05772646536412078,0.03907637655417407,0.22,3.8110769230769233,0.028823007928220113,1.2080429931229222,JUMBO BAG RED RETROSPOT,JUMBO BAG SPACEBOY DESIGN
228,21928,21929,0.04262877442273535,0.0630550621669627,0.03019538188277087,0.7083333333333333,11.23356807511737,0.027507421861443865,3.212382643998984,JUMBO BAG SCANDINAVIAN BLUE PAISLEY,JUMBO BAG PINK VINTAGE PAISLEY
229,21929,21928,0.0630550621669627,0.04262877442273535,0.03019538188277087,0.4788732394366197,11.23356807511737,0.027507421861443865,1.837117757188805,JUMBO BAG PINK VINTAGE PAISLEY,JUMBO BAG SCANDINAVIAN BLUE PAISLEY
230,84380,84378,0.046181172291296625,0.04884547069271759,0.03285968028419183,0.7115384615384616,14.567132867132868,0.030603939186481962,3.297335701598579,SET OF 3 BUTTERFLY COOKIE CUTTERS,SET OF 3 HEART COOKIE CUTTERS
231,84378,84380,0.04884547069271759,0.046181172291296625,0.03285968028419183,0.6727272727272727,14.567132867132868,0.030603939186481962,2.914446417998816,SET OF 3 HEART COOKIE CUTTERS,SET OF 3 BUTTERFLY COOKIE CUTTERS
232,22835,22112,0.056838365896980464,0.07104795737122557,0.03818827708703375,0.671875,9.456640625,0.03415002728973496,2.8310919394400744,HOT WATER BOTTLE I AM SO POORLY,CHOCOLATE HOT WATER BOTTLE
233,22112,22835,0.07104795737122557,0.056838365896980464,0.03818827708703375,0.5375000000000001,9.456640625,0.03415002728973496,2.039268398060583,CHOCOLATE HOT WATER BOTTLE,HOT WATER BOTTLE I AM SO POORLY
234,22951,21212,0.05328596802841918,0.11367673179396093,0.03197158081705151,0.6,5.278124999999999,0.025914206121103324,2.2158081705150976,60 CAKE CASES DOLLY GIRL DESIGN,PACK OF 72 RETROSPOT CAKE CASES
235,21212,22951,0.11367673179396093,0.05328596802841918,0.03197158081705151,0.28125,5.278125,0.025914206121103324,1.3171673488300255,PACK OF 72 RETROSPOT CAKE CASES,60 CAKE CASES DOLLY GIRL DESIGN
236,22960,22720,0.1261101243339254,0.12433392539964476,0.04262877442273535,0.3380281690140845,2.718712273641851,0.02694900763166114,1.3228147084388346,JAM MAKING SET WITH JARS,SET OF 3 CAKE TINS PANTRY DESIGN 
237,22720,22960,0.12433392539964476,0.1261101243339254,0.04262877442273535,0.34285714285714286,2.718712273641851,0.02694900763166114,1.3298324194918527,SET OF 3 CAKE TINS PANTRY DESIGN ,JAM MAKING SET WITH JARS
238,22720,22423,0.12433392539964476,0.19626998223801065,0.037300177619893425,0.3,1.5285067873303169,0.012897160290123007,1.1481857396599848,SET OF 3 CAKE TINS PANTRY DESIGN ,REGENCY CAKESTAND 3 TIER
239,22423,22720,0.19626998223801065,0.12433392539964476,0.037300177619893425,0.19004524886877827,1.5285067873303166,0.012897160290123007,1.0811296228306062,REGENCY CAKESTAND 3 TIER,SET OF 3 CAKE TINS PANTRY DESIGN 
240,22720,22722,0.12433392539964476,0.0719360568383659,0.035523978685612786,0.2857142857142857,3.971781305114638,0.026579886361126796,1.2992895204262878,SET OF 3 CAKE TINS PANTRY DESIGN ,SET OF 6 SPICE TINS PANTRY DESIGN
241,22722,22720,0.0719360568383659,0.12433392539964476,0.035523978685612786,0.4938271604938271,3.971781305114638,0.026579886361126796,1.7299744400641164,SET OF 6 SPICE TINS PANTRY DESIGN,SET OF 3 CAKE TINS PANTRY DESIGN 
242,22749,22751,0.05150976909413854,0.035523978685612786,0.03019538188277087,0.5862068965517242,16.50172413793104,0.028365549943369858,2.3308170515097695,FELTCRAFT PRINCESS CHARLOTTE DOLL,FELTCRAFT PRINCESS OLIVIA DOLL
243,22751,22749,0.035523978685612786,0.05150976909413854,0.03019538188277087,0.8500000000000001,16.50172413793104,0.028365549943369858,6.323268206039081,FELTCRAFT PRINCESS OLIVIA DOLL,FELTCRAFT PRINCESS CHARLOTTE DOLL
244,22629,22630,0.09325044404973357,0.07992895204262877,0.0586145648312611,0.6285714285714286,7.864126984126984,0.05116115456085611,2.4771143598852303,SPACEBOY LUNCH BOX ,DOLLY GIRL LUNCH BOX
245,22630,22629,0.07992895204262877,0.09325044404973357,0.0586145648312611,0.7333333333333334,7.864126984126985,0.05116115456085611,3.4003108348135,DOLLY GIRL LUNCH BOX,SPACEBOY LUNCH BOX 
246,22630,22382,0.07992895204262877,0.10124333925399645,0.03463587921847247,0.43333333333333335,4.280116959064327,0.02654360521060419,1.5860411660223592,DOLLY GIRL LUNCH BOX,LUNCH BAG SPACEBOY DESIGN 
247,22382,22630,0.10124333925399645,0.07992895204262877,0.03463587921847247,0.34210526315789475,4.280116959064328,0.02654360521060419,1.3985079928952042,LUNCH BAG SPACEBOY DESIGN ,DOLLY GIRL LUNCH BOX
248,20725,22630,0.1438721136767318,0.07992895204262877,0.03285968028419183,0.22839506172839505,2.8574759945130315,0.0213601330098527,1.1924120781527532,LUNCH BAG RED RETROSPOT,DOLLY GIRL LUNCH BOX
249,22630,20725,0.07992895204262877,0.1438721136767318,0.03285968028419183,0.41111111111111115,2.8574759945130315,0.0213601330098527,1.453802071114984,DOLLY GIRL LUNCH BOX,LUNCH BAG RED RETROSPOT
250,21210,21212,0.05595026642984014,0.11367673179396093,0.03108348134991119,0.5555555555555556,4.887152777777778,0.024723237919165596,1.9942273534635881,SET OF 72 RETROSPOT PAPER  DOILIES,PACK OF 72 RETROSPOT CAKE CASES
251,21212,21210,0.11367673179396093,0.05595026642984014,0.03108348134991119,0.2734375,4.887152777777778,0.024723237919165596,1.2993372677094674,PACK OF 72 RETROSPOT CAKE CASES,SET OF 72 RETROSPOT PAPER  DOILIES
252,22417,21212,0.047957371225577264,0.11367673179396093,0.03374777975133215,0.7037037037037037,6.190393518518518,0.028296142524978782,2.991341030195382,PACK OF 60 SPACEBOY CAKE CASES,PACK OF 72 RETROSPOT CAKE CASES
253,21212,22417,0.11367673179396093,0.047957371225577264,0.03374777975133215,0.296875,6.190393518518519,0.028296142524978782,1.3540161831458457,PACK OF 72 RETROSPOT CAKE CASES,PACK OF 60 SPACEBOY CAKE CASES
254,22725,22727,0.037300177619893425,0.0941385435168739,0.03019538188277087,0.8095238095238096,8.599281221922732,0.026683997488713408,4.755772646536415,ALARM CLOCK BAKELIKE CHOCOLATE,ALARM CLOCK BAKELIKE RED 
255,22727,22725,0.0941385435168739,0.037300177619893425,0.03019538188277087,0.32075471698113206,8.599281221922732,0.026683997488713408,1.417308071837379,ALARM CLOCK BAKELIKE RED ,ALARM CLOCK BAKELIKE CHOCOLATE
256,84991,21975,0.08703374777975133,0.041740674955595025,0.03285968028419183,0.3775510204081633,9.045158488927488,0.02922683290794999,1.5394985877762573,60 TEATIME FAIRY CAKE CASES,PACK OF 60 DINOSAUR CAKE CASES
257,21975,84991,0.041740674955595025,0.08703374777975133,0.03285968028419183,0.7872340425531916,9.045158488927488,0.02922683290794999,4.290941385435171,PACK OF 60 DINOSAUR CAKE CASES,60 TEATIME FAIRY CAKE CASES
258,21668,21669,0.041740674955595025,0.041740674955595025,0.03197158081705151,0.7659574468085106,18.35038478949751,0.030229296871302873,4.094380752462457,RED STRIPE CERAMIC DRAWER KNOB,BLUE STRIPE CERAMIC DRAWER KNOB
259,21669,21668,0.041740674955595025,0.041740674955595025,0.03197158081705151,0.7659574468085106,18.35038478949751,0.030229296871302873,4.094380752462457,BLUE STRIPE CERAMIC DRAWER KNOB,RED STRIPE CERAMIC DRAWER KNOB
260,22698,22697,0.07015985790408526,0.09502664298401421,0.06483126110124333,0.9240506329113923,9.724121613628297,0.05816420533238266,11.915482534043802,PINK REGENCY TEACUP AND SAUCER,GREEN REGENCY TEACUP AND SAUCER
261,22697,22698,0.09502664298401421,0.07015985790408526,0.06483126110124333,0.6822429906542056,9.724121613628297,0.05816420533238266,2.9262616236547903,GREEN REGENCY TEACUP AND SAUCER,PINK REGENCY TEACUP AND SAUCER
262,22698,22699,0.07015985790408526,0.10479573712255773,0.0630550621669627,0.8987341772151899,8.576056640205964,0.05570260814149018,8.840142095914743,PINK REGENCY TEACUP AND SAUCER,ROSES REGENCY TEACUP AND SAUCER 
263,22699,22698,0.10479573712255773,0.07015985790408526,0.0630550621669627,0.6016949152542374,8.576056640205966,0.05570260814149018,2.334492271645063,ROSES REGENCY TEACUP AND SAUCER ,PINK REGENCY TEACUP AND SAUCER
264,22698,22423,0.07015985790408526,0.19626998223801065,0.04884547069271759,0.6962025316455697,3.5471676499226765,0.035075196628061425,2.645611308466549,PINK REGENCY TEACUP AND SAUCER,REGENCY CAKESTAND 3 TIER
265,22423,22698,0.19626998223801065,0.07015985790408526,0.04884547069271759,0.24886877828054302,3.5471676499226765,0.035075196628061425,1.2379197072481756,REGENCY CAKESTAND 3 TIER,PINK REGENCY TEACUP AND SAUCER
266,22960,22993,0.1261101243339254,0.08348134991119005,0.03197158081705151,0.2535211267605634,3.03685945459994,0.0214437374001874,1.2277891350246322,JAM MAKING SET WITH JARS,SET OF 4 PANTRY JELLY MOULDS
267,22993,22960,0.08348134991119005,0.1261101243339254,0.03197158081705151,0.3829787234042553,3.03685945459994,0.0214437374001874,1.416304281251914,SET OF 4 PANTRY JELLY MOULDS,JAM MAKING SET WITH JARS
268,22720,22993,0.12433392539964476,0.08348134991119005,0.03108348134991119,0.25,2.99468085106383,0.020703917417791644,1.22202486678508,SET OF 3 CAKE TINS PANTRY DESIGN ,SET OF 4 PANTRY JELLY MOULDS
269,22993,22720,0.08348134991119005,0.12433392539964476,0.03108348134991119,0.37234042553191493,2.9946808510638303,0.020703917417791644,1.3951290002107357,SET OF 4 PANTRY JELLY MOULDS,SET OF 3 CAKE TINS PANTRY DESIGN 
270,22993,22423,0.08348134991119005,0.19626998223801065,0.03019538188277087,0.3617021276595745,1.8428805237315877,0.013810498818496449,1.2591770278271166,SET OF 4 PANTRY JELLY MOULDS,REGENCY CAKESTAND 3 TIER
271,22423,22993,0.19626998223801065,0.08348134991119005,0.03019538188277087,0.15384615384615385,1.8428805237315877,0.013810498818496449,1.0831584046504117,REGENCY CAKESTAND 3 TIER,SET OF 4 PANTRY JELLY MOULDS
272,20725,23206,0.1438721136767318,0.09236234458259325,0.046181172291296625,0.32098765432098764,3.4753086419753085,0.0328928065520603,1.3367027288874536,LUNCH BAG RED RETROSPOT,LUNCH BAG APPLE DESIGN
273,23206,20725,0.09236234458259325,0.1438721136767318,0.046181172291296625,0.5,3.4753086419753085,0.0328928065520603,1.7122557726465364,LUNCH BAG APPLE DESIGN,LUNCH BAG RED RETROSPOT
274,23206,22382,0.09236234458259325,0.10124333925399645,0.04085257548845471,0.44230769230769235,4.3687584345479085,0.0315015033015847,1.6115636675445582,LUNCH BAG APPLE DESIGN,LUNCH BAG SPACEBOY DESIGN 
275,22382,23206,0.10124333925399645,0.09236234458259325,0.04085257548845471,0.4035087719298246,4.3687584345479085,0.0315015033015847,1.521627834082123,LUNCH BAG SPACEBOY DESIGN ,LUNCH BAG APPLE DESIGN
276,20728,23206,0.10035523978685613,0.09236234458259325,0.03197158081705151,0.3185840707964602,3.44928522804629,0.02270253557918913,1.3319877280800905,LUNCH BAG CARS BLUE,LUNCH BAG APPLE DESIGN
277,23206,20728,0.09236234458259325,0.10035523978685613,0.03197158081705151,0.34615384615384615,3.4492852280462896,0.02270253557918913,1.3759272803259848,LUNCH BAG APPLE DESIGN,LUNCH BAG CARS BLUE
278,22383,23206,0.10746003552397869,0.09236234458259325,0.04262877442273535,0.39669421487603307,4.294977749523204,0.032703513592811914,1.5044404973357015,LUNCH BAG SUKI DESIGN ,LUNCH BAG APPLE DESIGN
279,23206,22383,0.09236234458259325,0.10746003552397869,0.04262877442273535,0.46153846153846156,4.294977749523204,0.032703513592811914,1.6575742197411827,LUNCH BAG APPLE DESIGN,LUNCH BAG SUKI DESIGN 
280,23209,23206,0.09591474245115453,0.09236234458259325,0.04440497335701599,0.46296296296296297,5.012464387464387,0.03554606286419176,1.690083910087585,LUNCH BAG VINTAGE DOILY ,LUNCH BAG APPLE DESIGN
281,23206,23209,0.09236234458259325,0.09591474245115453,0.04440497335701599,0.4807692307692308,5.012464387464387,0.03554606286419176,1.7412012367607397,LUNCH BAG APPLE DESIGN,LUNCH BAG VINTAGE DOILY 
282,23207,23206,0.06216696269982238,0.09236234458259325,0.04085257548845471,0.6571428571428571,7.114835164835164,0.035110689057920495,2.647276494967436,LUNCH BAG ALPHABET DESIGN,LUNCH BAG APPLE DESIGN
283,23206,23207,0.09236234458259325,0.06216696269982238,0.04085257548845471,0.44230769230769235,7.114835164835165,0.035110689057920495,1.6816316530899738,LUNCH BAG APPLE DESIGN,LUNCH BAG ALPHABET DESIGN
284,23207,22382,0.06216696269982238,0.10124333925399645,0.03463587921847247,0.5571428571428572,5.503007518796992,0.02834188832346381,2.0294505242651693,LUNCH BAG ALPHABET DESIGN,LUNCH BAG SPACEBOY DESIGN 
285,22382,23207,0.10124333925399645,0.06216696269982238,0.03463587921847247,0.34210526315789475,5.503007518796992,0.02834188832346381,1.42550621669627,LUNCH BAG SPACEBOY DESIGN ,LUNCH BAG ALPHABET DESIGN
286,20725,23207,0.1438721136767318,0.06216696269982238,0.03108348134991119,0.21604938271604937,3.4753086419753085,0.0221393890254252,1.196290960965581,LUNCH BAG RED RETROSPOT,LUNCH BAG ALPHABET DESIGN
287,23207,20725,0.06216696269982238,0.1438721136767318,0.03108348134991119,0.5,3.4753086419753085,0.0221393890254252,1.7122557726465364,LUNCH BAG ALPHABET DESIGN,LUNCH BAG RED RETROSPOT
288,23209,23207,0.09591474245115453,0.06216696269982238,0.03374777975133215,0.35185185185185186,5.65978835978836,0.027785051535008154,1.4469424004059883,LUNCH BAG VINTAGE DOILY ,LUNCH BAG ALPHABET DESIGN
289,23207,23209,0.06216696269982238,0.09591474245115453,0.03374777975133215,0.5428571428571428,5.65978835978836,0.027785051535008154,1.9776865008880993,LUNCH BAG ALPHABET DESIGN,LUNCH BAG VINTAGE DOILY 
290,23199,23206,0.07992895204262877,0.09236234458259325,0.03907637655417407,0.48888888888888893,5.293162393162394,0.03169395114348722,1.775812804077535,JUMBO BAG APPLES,LUNCH BAG APPLE DESIGN
291,23206,23199,0.09236234458259325,0.07992895204262877,0.03907637655417407,0.42307692307692313,5.293162393162394,0.03169395114348722,1.5947898164594436,LUNCH BAG APPLE DESIGN,JUMBO BAG APPLES
292,23199,85099B,0.07992895204262877,0.17761989342806395,0.043516873889875664,0.5444444444444444,3.065222222222222,0.029319901946247107,1.8052246241822985,JUMBO BAG APPLES,JUMBO BAG RED RETROSPOT
293,85099B,23199,0.17761989342806395,0.07992895204262877,0.043516873889875664,0.245,3.0652222222222223,0.029319901946247107,1.2186371496124122,JUMBO BAG RED RETROSPOT,JUMBO BAG APPLES
294,23199,23203,0.07992895204262877,0.10390763765541741,0.035523978685612786,0.4444444444444444,4.27730294396961,0.02721875009859008,1.6129662522202486,JUMBO BAG APPLES,JUMBO BAG VINTAGE DOILY 
295,23203,23199,0.10390763765541741,0.07992895204262877,0.035523978685612786,0.34188034188034183,4.27730294396961,0.02721875009859008,1.3980300339092522,JUMBO BAG VINTAGE DOILY ,JUMBO BAG APPLES
296,23207,23208,0.06216696269982238,0.05772646536412078,0.03285968028419183,0.5285714285714286,9.156483516483517,0.029271001265107947,1.9987620431670166,LUNCH BAG ALPHABET DESIGN,LUNCH BAG VINTAGE LEAF DESIGN
297,23208,23207,0.05772646536412078,0.06216696269982238,0.03285968028419183,0.5692307692307693,9.156483516483519,0.029271001265107947,2.17711240801827,LUNCH BAG VINTAGE LEAF DESIGN,LUNCH BAG ALPHABET DESIGN
298,23206,23208,0.09236234458259325,0.05772646536412078,0.03374777975133215,0.36538461538461536,6.329585798816568,0.02841602806583609,1.4847946606383553,LUNCH BAG APPLE DESIGN,LUNCH BAG VINTAGE LEAF DESIGN
299,23208,23206,0.05772646536412078,0.09236234458259325,0.03374777975133215,0.5846153846153846,6.329585798816568,0.02841602806583609,2.185053614893757,LUNCH BAG VINTAGE LEAF DESIGN,LUNCH BAG APPLE DESIGN
300,23209,23208,0.09591474245115453,0.05772646536412078,0.035523978685612786,0.37037037037037035,6.415954415954416,0.02998715962759765,1.4965520844216906,LUNCH BAG VINTAGE DOILY ,LUNCH BAG VINTAGE LEAF DESIGN
301,23208,23209,0.05772646536412078,0.09591474245115453,0.035523978685612786,0.6153846153846154,6.415954415954417,0.02998715962759765,2.3506216696269986,LUNCH BAG VINTAGE LEAF DESIGN,LUNCH BAG VINTAGE DOILY 
302,23201,23199,0.07015985790408526,0.07992895204262877,0.037300177619893425,0.5316455696202531,6.6514767932489445,0.031692373702160145,1.964476021314387,JUMBO BAG ALPHABET,JUMBO BAG APPLES
303,23199,23201,0.07992895204262877,0.07015985790408526,0.037300177619893425,0.4666666666666666,6.6514767932489445,0.031692373702160145,1.7434502664298397,JUMBO BAG APPLES,JUMBO BAG ALPHABET
304,23201,85099B,0.07015985790408526,0.17761989342806395,0.03374777975133215,0.4810126582278481,2.7081012658227848,0.021285993267480416,1.5845860590044623,JUMBO BAG ALPHABET,JUMBO BAG RED RETROSPOT
305,85099B,23201,0.17761989342806395,0.07015985790408526,0.03374777975133215,0.19,2.7081012658227848,0.021285993267480416,1.1479507927110058,JUMBO BAG RED RETROSPOT,JUMBO BAG ALPHABET
306,23254,23256,0.03641207815275311,0.04440497335701599,0.03108348134991119,0.8536585365853658,19.224390243902437,0.029466603989664605,6.5298993487270565,CHILDRENS CUTLERY DOLLY GIRL ,CHILDRENS CUTLERY SPACEBOY 
307,23256,23254,0.04440497335701599,0.03641207815275311,0.03108348134991119,0.7,19.224390243902437,0.029466603989664605,3.211959739490822,CHILDRENS CUTLERY SPACEBOY ,CHILDRENS CUTLERY DOLLY GIRL 
308,47566,23298,0.10746003552397869,0.08170515097690942,0.03641207815275311,0.33884297520661155,4.147143370463528,0.02763203972628238,1.3889209591474245,PARTY BUNTING,SPOTTY BUNTING
309,23298,47566,0.08170515097690942,0.10746003552397869,0.03641207815275311,0.44565217391304346,4.147143370463528,0.02763203972628238,1.6100720927802739,SPOTTY BUNTING,PARTY BUNTING
310,20725,23203,0.1438721136767318,0.10390763765541741,0.03019538188277087,0.20987654320987653,2.0198375013189827,0.015245970426129999,1.1341168960923624,LUNCH BAG RED RETROSPOT,JUMBO BAG VINTAGE DOILY 
311,23203,20725,0.10390763765541741,0.1438721136767318,0.03019538188277087,0.29059829059829057,2.019837501318982,0.015245970426129999,1.2068308759014743,JUMBO BAG VINTAGE DOILY ,LUNCH BAG RED RETROSPOT
312,23203,85099B,0.10390763765541741,0.17761989342806395,0.050621669626998225,0.48717948717948717,2.7428205128205128,0.0321656061002811,1.6036412078152755,JUMBO BAG VINTAGE DOILY ,JUMBO BAG RED RETROSPOT
313,85099B,23203,0.17761989342806395,0.10390763765541741,0.050621669626998225,0.285,2.7428205128205123,0.0321656061002811,1.2532760312511644,JUMBO BAG RED RETROSPOT,JUMBO BAG VINTAGE DOILY 
314,23209,23203,0.09591474245115453,0.10390763765541741,0.043516873889875664,0.45370370370370366,4.366413421968977,0.03355059958544841,1.640304663274829,LUNCH BAG VINTAGE DOILY ,JUMBO BAG VINTAGE DOILY 
315,23203,23209,0.10390763765541741,0.09591474245115453,0.043516873889875664,0.41880341880341876,4.366413421968977,0.03355059958544841,1.555558457841396,JUMBO BAG VINTAGE DOILY ,LUNCH BAG VINTAGE DOILY 
316,23209,20725,0.09591474245115453,0.1438721136767318,0.041740674955595025,0.4351851851851852,3.0248056698673977,0.027941218226388065,1.515767405293655,LUNCH BAG VINTAGE DOILY ,LUNCH BAG RED RETROSPOT
317,20725,23209,0.1438721136767318,0.09591474245115453,0.041740674955595025,0.2901234567901234,3.0248056698673977,0.027941218226388065,1.273580971503591,LUNCH BAG RED RETROSPOT,LUNCH BAG VINTAGE DOILY 
318,23209,22383,0.09591474245115453,0.10746003552397869,0.03463587921847247,0.36111111111111116,3.360422405876952,0.024328877587398136,1.3970190748320335,LUNCH BAG VINTAGE DOILY ,LUNCH BAG SUKI DESIGN 
319,22383,23209,0.10746003552397869,0.09591474245115453,0.03463587921847247,0.32231404958677684,3.3604224058769514,0.024328877587398136,1.3340770263830526,LUNCH BAG SUKI DESIGN ,LUNCH BAG VINTAGE DOILY 
320,23209,22382,0.09591474245115453,0.10124333925399645,0.03818827708703375,0.39814814814814814,3.9325860948667963,0.028477548277591816,1.4933187593933597,LUNCH BAG VINTAGE DOILY ,LUNCH BAG SPACEBOY DESIGN 
321,22382,23209,0.10124333925399645,0.09591474245115453,0.03818827708703375,0.37719298245614036,3.9325860948667968,0.028477548277591816,1.4516298501488507,LUNCH BAG SPACEBOY DESIGN ,LUNCH BAG VINTAGE DOILY 
322,23200,23199,0.03996447602131439,0.07992895204262877,0.03019538188277087,0.7555555555555555,9.45283950617284,0.027001063195454447,3.763927014371064,JUMBO BAG PEARS,JUMBO BAG APPLES
323,23199,23200,0.07992895204262877,0.03996447602131439,0.03019538188277087,0.37777777777777777,9.45283950617284,0.027001063195454447,1.5429142349657448,JUMBO BAG APPLES,JUMBO BAG PEARS
324,22423,23173,0.19626998223801065,0.05950266429840142,0.03818827708703375,0.19457013574660634,3.2699398932937127,0.02650969022207219,1.1676961302811981,REGENCY CAKESTAND 3 TIER,REGENCY TEAPOT ROSES 
325,23173,22423,0.05950266429840142,0.19626998223801065,0.03818827708703375,0.6417910447761195,3.269939893293713,0.02650969022207219,2.2437462995855544,REGENCY TEAPOT ROSES ,REGENCY CAKESTAND 3 TIER
326,22699,23173,0.10479573712255773,0.05950266429840142,0.03463587921847247,0.3305084745762712,5.5545155578042,0.028400253652565394,1.4047934887694764,ROSES REGENCY TEACUP AND SAUCER ,REGENCY TEAPOT ROSES 
327,23173,22699,0.05950266429840142,0.10479573712255773,0.03463587921847247,0.582089552238806,5.5545155578042,0.028400253652565394,2.142095914742451,REGENCY TEAPOT ROSES ,ROSES REGENCY TEACUP AND SAUCER 
328,22697,23173,0.09502664298401421,0.05950266429840142,0.03019538188277087,0.3177570093457944,5.340214813781559,0.024541043445889033,1.3785371906859047,GREEN REGENCY TEACUP AND SAUCER,REGENCY TEAPOT ROSES 
329,23173,22697,0.05950266429840142,0.09502664298401421,0.03019538188277087,0.5074626865671642,5.34021481378156,0.024541043445889033,1.837370149093062,REGENCY TEAPOT ROSES ,GREEN REGENCY TEACUP AND SAUCER
330,23175,23173,0.047957371225577264,0.05950266429840142,0.03818827708703375,0.7962962962962963,13.38253178551686,0.03533468572636441,4.616986920716938,REGENCY MILK JUG PINK ,REGENCY TEAPOT ROSES 
331,23173,23175,0.05950266429840142,0.047957371225577264,0.03818827708703375,0.6417910447761195,13.382531785516862,0.03533468572636441,2.657785671995264,REGENCY TEAPOT ROSES ,REGENCY MILK JUG PINK 
332,23174,23175,0.046181172291296625,0.047957371225577264,0.03996447602131439,0.8653846153846154,18.044871794871796,0.03774974839810833,7.072316670895713,REGENCY SUGAR BOWL GREEN,REGENCY MILK JUG PINK 
333,23175,23174,0.047957371225577264,0.046181172291296625,0.03996447602131439,0.8333333333333334,18.044871794871796,0.03774974839810833,5.722912966252221,REGENCY MILK JUG PINK ,REGENCY SUGAR BOWL GREEN
334,23174,23173,0.046181172291296625,0.05950266429840142,0.03818827708703375,0.8269230769230769,13.897244546498278,0.03544037429527809,5.433984606275901,REGENCY SUGAR BOWL GREEN,REGENCY TEAPOT ROSES 
335,23173,23174,0.05950266429840142,0.046181172291296625,0.03818827708703375,0.6417910447761195,13.89724454649828,0.03544037429527809,2.662744227353464,REGENCY TEAPOT ROSES ,REGENCY SUGAR BOWL GREEN
336,23174,22423,0.046181172291296625,0.19626998223801065,0.03108348134991119,0.6730769230769231,3.4293421510616087,0.022019503484567892,2.4584682896249093,REGENCY SUGAR BOWL GREEN,REGENCY CAKESTAND 3 TIER
337,22423,23174,0.19626998223801065,0.046181172291296625,0.03108348134991119,0.1583710407239819,3.429342151061608,0.022019503484567892,1.1333008651807712,REGENCY CAKESTAND 3 TIER,REGENCY SUGAR BOWL GREEN
338,23170,23171,0.047957371225577264,0.046181172291296625,0.03907637655417407,0.8148148148148149,17.643874643874646,0.036861648930968015,5.150621669627,REGENCY TEA PLATE ROSES ,REGENCY TEA PLATE GREEN 
339,23171,23170,0.046181172291296625,0.047957371225577264,0.03907637655417407,0.8461538461538463,17.643874643874646,0.036861648930968015,6.188277087033752,REGENCY TEA PLATE GREEN ,REGENCY TEA PLATE ROSES 
340,23172,23171,0.041740674955595025,0.046181172291296625,0.03996447602131439,0.9574468085106383,20.73240589198036,0.03803684271963504,22.414742451154556,REGENCY TEA PLATE PINK,REGENCY TEA PLATE GREEN 
341,23171,23172,0.046181172291296625,0.041740674955595025,0.03996447602131439,0.8653846153846154,20.732405891980363,0.03803684271963504,7.11849784318701,REGENCY TEA PLATE GREEN ,REGENCY TEA PLATE PINK
342,23170,23172,0.047957371225577264,0.041740674955595025,0.037300177619893425,0.7777777777777777,18.633569739952716,0.035298404575841796,4.31216696269982,REGENCY TEA PLATE ROSES ,REGENCY TEA PLATE PINK
343,23172,23170,0.041740674955595025,0.047957371225577264,0.037300177619893425,0.8936170212765957,18.63356973995272,0.035298404575841796,8.94920071047957,REGENCY TEA PLATE PINK,REGENCY TEA PLATE ROSES 
344,23203,23202,0.10390763765541741,0.0630550621669627,0.041740674955595025,0.40170940170940167,6.3707716383772715,0.035188772403610444,1.566036538949505,JUMBO BAG VINTAGE DOILY ,JUMBO BAG VINTAGE LEAF
345,23202,23203,0.0630550621669627,0.10390763765541741,0.041740674955595025,0.6619718309859154,6.370771638377271,0.035188772403610444,2.6509399052693894,JUMBO BAG VINTAGE LEAF,JUMBO BAG VINTAGE DOILY 
346,23199,23202,0.07992895204262877,0.0630550621669627,0.03108348134991119,0.3888888888888889,6.167449139280125,0.02604355630992305,1.53318262554497,JUMBO BAG APPLES,JUMBO BAG VINTAGE LEAF
347,23202,23199,0.0630550621669627,0.07992895204262877,0.03108348134991119,0.4929577464788732,6.167449139280125,0.02604355630992305,1.8145845668048155,JUMBO BAG VINTAGE LEAF,JUMBO BAG APPLES
348,85099B,23202,0.17761989342806395,0.0630550621669627,0.03374777975133215,0.19,3.013239436619718,0.022547946329136287,1.1567221454728855,JUMBO BAG RED RETROSPOT,JUMBO BAG VINTAGE LEAF
349,23202,85099B,0.0630550621669627,0.17761989342806395,0.03374777975133215,0.5352112676056338,3.013239436619718,0.022547946329136287,1.7693632595941653,JUMBO BAG VINTAGE LEAF,JUMBO BAG RED RETROSPOT
350,23301,23300,0.0497335701598579,0.03996447602131439,0.03285968028419183,0.6607142857142858,16.532539682539685,0.030872104212083834,2.829578386463495,GARDENERS KNEELING PAD KEEP CALM ,GARDENERS KNEELING PAD CUP OF TEA 
351,23300,23301,0.03996447602131439,0.0497335701598579,0.03285968028419183,0.8222222222222223,16.532539682539685,0.030872104212083834,5.345248667850802,GARDENERS KNEELING PAD CUP OF TEA ,GARDENERS KNEELING PAD KEEP CALM 
352,23245,22423,0.08703374777975133,0.19626998223801065,0.04440497335701599,0.5102040816326531,2.5995013389971375,0.027322861226176696,1.6409487862640617,SET OF 3 REGENCY CAKE TINS,REGENCY CAKESTAND 3 TIER
353,22423,23245,0.19626998223801065,0.08703374777975133,0.04440497335701599,0.22624434389140272,2.5995013389971375,0.027322861226176696,1.179915448775877,REGENCY CAKESTAND 3 TIER,SET OF 3 REGENCY CAKE TINS
354,23236,23240,0.05328596802841918,0.0719360568383659,0.035523978685612786,0.6666666666666666,9.267489711934155,0.03169079626083308,2.784191829484902,STORAGE TIN VINTAGE DOILY ,SET OF 4 KNICK KNACK TINS DOILY 
355,23240,23236,0.0719360568383659,0.05328596802841918,0.035523978685612786,0.4938271604938271,9.267489711934155,0.03169079626083308,1.870337477797513,SET OF 4 KNICK KNACK TINS DOILY ,STORAGE TIN VINTAGE DOILY 
356,22720,23243,0.12433392539964476,0.05595026642984014,0.03108348134991119,0.25,4.468253968253968,0.024126965097533197,1.2587329780935466,SET OF 3 CAKE TINS PANTRY DESIGN ,SET OF TEA COFFEE SUGAR TINS PANTRY
357,23243,22720,0.05595026642984014,0.12433392539964476,0.03108348134991119,0.5555555555555556,4.468253968253968,0.024126965097533197,1.9702486678507996,SET OF TEA COFFEE SUGAR TINS PANTRY,SET OF 3 CAKE TINS PANTRY DESIGN 
358,23296,23293,0.050621669626998225,0.04706927175843695,0.03197158081705151,0.631578947368421,13.418073485600793,0.029588855692512517,2.586526262369957,SET OF 6 TEA TIME BAKING CASES,SET OF 12 FAIRY CAKE BAKING CASES
359,23293,23296,0.04706927175843695,0.050621669626998225,0.03197158081705151,0.6792452830188679,13.418073485600793,0.029588855692512517,2.9598265593981816,SET OF 12 FAIRY CAKE BAKING CASES,SET OF 6 TEA TIME BAKING CASES
360,23355,23356,0.07904085257548846,0.052397868561278864,0.03463587921847247,0.43820224719101125,8.362978480289469,0.030494307014250606,1.6867317939609237,HOT WATER BOTTLE KEEP CALM,LOVE HOT WATER BOTTLE
361,23356,23355,0.052397868561278864,0.07904085257548846,0.03463587921847247,0.6610169491525424,8.362978480289469,0.030494307014250606,2.716829484902309,LOVE HOT WATER BOTTLE,HOT WATER BOTTLE KEEP CALM
